Company Name,Description
Tech Innovators,Leading provider of technology solutions for businesses.
Market Titans,Major player in the retail industry with extensive market reach.
Green Earth,Focused on environmental sustainability and renewable energy.
Fast Finance,A financial firm specializing in investment banking.
Healthy Living,A company promoting healthy lifestyle choices through products and services.
Digital Creators,Developing innovative digital content and media platforms.
Clean Energy,Leader in renewable energy and clean technology solutions.
EduWorld,Providing educational services and e-learning platforms.
Foodies Delight,Catering to the gourmet food industry with a wide range of products.
Sportify,Specializes in sports equipment and training gear.
Travel Smart,Offers advanced travel booking and itinerary planning solutions.
Eco Warriors,Focused on environmental conservation and green technology.
HealthTech,Merging healthcare with advanced technology solutions.
Urban Development,Real estate development company enhancing urban spaces.
Tech Pioneers,Cutting-edge technology firm developing futuristic solutions.
